text,label,category,operateur_cible,pays,source_type,date_observee,derive_de_modele,confiance_annotation,campagne,source_ref
WAVE: Félicitations! Vous êtes bénéficiaire d'un cadeau de 37 000 FCFA. Recevez-le en remplissant le formulaire: hxxps://wave-cadeau-ci[.]online,arnaque,phishing_lien,wave,CI,autorite,2026-09,true,haute,ci-2026-09-wave-cadeau,https://www.aip.ci/cote-divoire-aip-cybercriminalite-la-plcc-demantele-un-reseau-darnaque-aux-faux-cadeaux-mobile-money/
Cadeau Wave 🎁 37.000F offert aux clients fidèles. Entrez votre numéro et votre code secret ici pour valider: hxxp://wave-bonus[.]xyz/ci,arnaque,phishing_lien,wave,CI,autorite,2026-09,true,haute,ci-2026-09-wave-cadeau,https://www.aip.ci/cote-divoire-aip-cybercriminalite-la-plcc-demantele-un-reseau-darnaque-aux-faux-cadeaux-mobile-money/
"Bonjour, Wave Côte d'Ivoire vous offre 37000 F pour fêter ses clients. Cliquez vite avant ce soir: bit[.]ly/cadeau-wave-ci",arnaque,phishing_lien,wave,CI,autorite,2026-09,true,haute,ci-2026-09-wave-cadeau,https://www.aip.ci/cote-divoire-aip-cybercriminalite-la-plcc-demantele-un-reseau-darnaque-aux-faux-cadeaux-mobile-money/
Vous avez un cadeau Wave de 37 000 FCFA en attente. Confirmez votre compte (numéro + code) pour le recevoir: hxxps://cadeau-wave[.]site,arnaque,phishing_lien,wave,CI,autorite,2026-09,true,haute,ci-2026-09-wave-cadeau,https://www.aip.ci/cote-divoire-aip-cybercriminalite-la-plcc-demantele-un-reseau-darnaque-aux-faux-cadeaux-mobile-money/
Offre spéciale Mobile Money: recevez 50 000 F de bonus en installant notre application. Téléchargez ici: hxxp://mobilemoney-bonus[.]top/app.apk,arnaque,phishing_lien,aucun,CI,autorite,2026-08,true,haute,ci-2026-08-lien-apk,https://www.koaci.com/article/2026/08/08/cote-divoire/societe/cote-divoire-larnaque-au-mobile-money-par-liens-frauduleux-se-repand-actuellement-ce-quil-faut-faire-pour-eviter-de-tomber-dans-le-piege_199362.html
Profitez de 10Go + 25 000 F offerts! Installez l'appli Mobile Money Plus: hxxps://mm-plus-ci[.]xyz/telecharger,arnaque,phishing_lien,aucun,CI,autorite,2026-08,true,haute,ci-2026-08-lien-apk,https://www.koaci.com/article/2026/08/08/cote-divoire/societe/cote-divoire-larnaque-au-mobile-money-par-liens-frauduleux-se-repand-actuellement-ce-quil-faut-faire-pour-eviter-de-tomber-dans-le-piege_199362.html
Nouvelle application officielle pour vos transferts sans frais. Télécharge l'APK ici et active ton compte: hxxp://transfert-gratuit[.]click/apk,arnaque,phishing_lien,aucun,CI,autorite,2026-08,true,haute,ci-2026-08-lien-apk,https://www.koaci.com/article/2026/08/08/cote-divoire/societe/cote-divoire-larnaque-au-mobile-money-par-liens-frauduleux-se-repand-actuellement-ce-quil-faut-faire-pour-eviter-de-tomber-dans-le-piege_199362.html
Bonus fidélité 2026 disponible. Installez l'application et entrez votre code pour recevoir votre prime: hxxps://prime-mobile[.]online/app.apk,arnaque,phishing_lien,aucun,CI,autorite,2026-08,true,haute,ci-2026-08-lien-apk,https://www.koaci.com/article/2026/08/08/cote-divoire/societe/cote-divoire-larnaque-au-mobile-money-par-liens-frauduleux-se-repand-actuellement-ce-quil-faut-faire-pour-eviter-de-tomber-dans-le-piege_199362.html
Service client Wave: une anomalie a été détectée sur votre compte. Rappelez notre agent au <TEL> pour éviter le blocage de votre portefeuille.,arnaque,usurpation_operateur,wave,CI,autorite,2026-04,true,haute,ci-2026-04-faux-agent-wave,https://www.aip.ci/353937/cote-divoire-aip-la-police-de-san-pedro-met-en-garde-contre-la-recrudescence-des-arnaques-au-mobile-money/
"WAVE CI: Bonjour, votre compte doit être vérifié aujourd'hui. Notre agent va vous appeler, suivez ses instructions et confirmez le code reçu.",arnaque,usurpation_operateur,wave,CI,autorite,2026-04,true,haute,ci-2026-04-faux-agent-wave,https://www.aip.ci/353937/cote-divoire-aip-la-police-de-san-pedro-met-en-garde-contre-la-recrudescence-des-arnaques-au-mobile-money/
Bonjour c'est le service Wave. Votre solde est temporairement gelé. Appelez vite le <TEL> pour le libérer.,arnaque,usurpation_operateur,wave,CI,autorite,2026-04,true,haute,ci-2026-04-faux-agent-wave,https://www.aip.ci/353937/cote-divoire-aip-la-police-de-san-pedro-met-en-garde-contre-la-recrudescence-des-arnaques-au-mobile-money/
"Agent Orange Money: suite à une mise à jour, votre compte sera suspendu. Composez #144# puis le code que je vous donne pour le réactiver.",arnaque,usurpation_operateur,orange,CI,operateur,,true,haute,ci-orange-faux-agent,https://www.orange.ci/fr/assistance-stop-arnaques-orange-money.html
"Bonjour, ici Orange Côte d'Ivoire. Pour sécuriser votre compte Orange Money, communiquez-nous le code à 4 chiffres que vous allez recevoir.",arnaque,usurpation_operateur,orange,CI,operateur,,true,haute,ci-orange-faux-agent,https://www.orange.ci/fr/assistance-stop-arnaques-orange-money.html
Orange Money: votre compte présente une anomalie. Rappelez le service technique au <TEL> avant 18h.,arnaque,usurpation_operateur,orange,CI,operateur,,true,haute,ci-orange-faux-agent,https://www.orange.ci/fr/assistance-stop-arnaques-orange-money.html
"Bonsoir, je suis en difficulté à l'hôpital avec mon enfant, aidez-moi avec 10 000 F sur ce numéro, Dieu vous le rendra",arnaque,autre_arnaque,aucun,CI,operateur,,true,haute,ci-orange-demande-aide,https://www.orange.ci/fr/assistance-stop-arnaques-orange-money.html
"Pardon frère, je suis bloqué à la gare d'Adjamé sans argent, fais-moi un dépôt de 5000 sur ce numéro je te rembourse demain",arnaque,autre_arnaque,aucun,CI,operateur,,true,haute,ci-orange-demande-aide,https://www.orange.ci/fr/assistance-stop-arnaques-orange-money.html
"Bonjour madame, je vous écris de la part de votre cousin, il a un souci et demande que vous envoyiez 25 000 F sur ce numéro",arnaque,autre_arnaque,aucun,CI,operateur,,true,haute,ci-orange-demande-aide,https://www.orange.ci/fr/assistance-stop-arnaques-orange-money.html
"Bonjour, j'ai fait un dépôt de 30 000 F sur votre compte par erreur. Vérifiez votre solde et renvoyez-moi ça svp, c'est l'argent de ma marchandise",arnaque,faux_transfert,aucun,CI,presse,,true,haute,ci-depot-par-erreur,https://cybersecuritymag.africa/mobile-money-et-vacances-la-saison-des-arnaques/
"Mon frère, 50 000 sont partis chez toi par erreur. Consulte ton solde et fais le retrait pour me renvoyer, je t'appelle",arnaque,faux_transfert,aucun,CI,presse,,true,haute,ci-depot-par-erreur,https://cybersecuritymag.africa/mobile-money-et-vacances-la-saison-des-arnaques/
"Orange Money: Vous avez reçu 45 000 FCFA. Solde: 45 600 FCFA. Message de l'expéditeur: erreur de numéro, merci de renvoyer au <TEL>",arnaque,faux_transfert,aucun,CI,presse,,true,haute,ci-depot-par-erreur,https://cybersecuritymag.africa/mobile-money-et-vacances-la-saison-des-arnaques/
"Pardon tantie, le dépôt de 20 000 que j'ai fait c'était pas pour toi. Vérifie et renvoie vite, je suis dans le bus",arnaque,faux_transfert,aucun,CI,presse,,true,haute,ci-depot-par-erreur,https://cybersecuritymag.africa/mobile-money-et-vacances-la-saison-des-arnaques/
"Recrutement Aéroport FHB: 386 postes de stagiaires (bagagistes, hôtesses, agents de billetterie). Niveau BEPC/BAC. Dépôt des dossiers à <EMAIL> avant le 22 mai.",arnaque,investissement_emploi,aucun,CI,presse,2026-05,true,haute,ci-2026-05-recrutement-aeroport,https://www.yessouan.ci/Recrutement-aeroport-Felix-Houphouet-Boigny-FHB-d-Abidjan-une-arnaque-circule-en-ligne-la-PLCC-saisie_a8074.html
Bonne nouvelle! L'aéroport d'Abidjan recrute des hôtesses au sol et des agents de piste. Stage de 6 mois puis embauche. Envoie ton dossier à <EMAIL>,arnaque,investissement_emploi,aucun,CI,presse,2026-05,true,haute,ci-2026-05-recrutement-aeroport,https://www.yessouan.ci/Recrutement-aeroport-Felix-Houphouet-Boigny-FHB-d-Abidjan-une-arnaque-circule-en-ligne-la-PLCC-saisie_a8074.html
"Offre de stage aéroport FHB: places limitées, envoyez CV et pièces à <EMAIL>. Les frais de traitement du dossier vous seront communiqués.",arnaque,investissement_emploi,aucun,CI,presse,2026-05,true,haute,ci-2026-05-recrutement-aeroport,https://www.yessouan.ci/Recrutement-aeroport-Felix-Houphouet-Boigny-FHB-d-Abidjan-une-arnaque-circule-en-ligne-la-PLCC-saisie_a8074.html
"Recrutement direct Douanes, Impôts et Trésor 2026: inscriptions ouvertes. Contactez le coordonnateur au <TEL> pour réserver votre place.",arnaque,investissement_emploi,aucun,CI,autorite,2026-09,true,haute,ci-2026-09-recrutement-fonction-publique,https://www.yeclo.com/fonction-publique-cote-divoire-une-fausse-offre-de-recrutement-douanes-impots-tresor-denoncee/
"Fonction publique: recrutement direct sans concours aux Douanes. Places limitées, frais de dossier 25 000 F par Mobile Money au <TEL>.",arnaque,investissement_emploi,aucun,CI,autorite,2026-09,true,haute,ci-2026-09-recrutement-fonction-publique,https://www.yeclo.com/fonction-publique-cote-divoire-une-fausse-offre-de-recrutement-douanes-impots-tresor-denoncee/
Info: le Trésor recrute 500 agents sur dossier. Envoie ton nom et ta photo sur WhatsApp au <TEL> avant vendredi.,arnaque,investissement_emploi,aucun,CI,autorite,2026-09,true,haute,ci-2026-09-recrutement-fonction-publique,https://www.yeclo.com/fonction-publique-cote-divoire-une-fausse-offre-de-recrutement-douanes-impots-tresor-denoncee/
Concours Eaux et Forêts 2026: je peux vous garantir l'admission. Envoyez 150 000 F par Orange Money au <TEL> pour réserver votre place.,arnaque,investissement_emploi,aucun,CI,autorite,2026-03,true,haute,ci-2026-03-concours-eaux-forets,https://www.kaweru.com/politique-societe/2026/03/23/cote-divoire-concours-des-eaux-et-forets-le-ministere-alerte-sur-des-arnaques-en-ligne/
"Bonjour, je suis administrateur aux Eaux et Forêts. Inscription spéciale au concours, paiement de 50 000 F par Wave à ce numéro.",arnaque,investissement_emploi,aucun,CI,autorite,2026-03,true,haute,ci-2026-03-concours-eaux-forets,https://www.kaweru.com/politique-societe/2026/03/23/cote-divoire-concours-des-eaux-et-forets-le-ministere-alerte-sur-des-arnaques-en-ligne/
Concours Eaux et Forêts: dernier délai pour le paiement des frais d'inscription. Envoyez 20 000 F au <TEL> pour valider votre dossier.,arnaque,investissement_emploi,aucun,CI,autorite,2026-03,true,haute,ci-2026-03-concours-eaux-forets,https://www.kaweru.com/politique-societe/2026/03/23/cote-divoire-concours-des-eaux-et-forets-le-ministere-alerte-sur-des-arnaques-en-ligne/
SUNPOWER: investissez dans les panneaux solaires et gagnez 3 000 F par jour. Dépôt minimum 10 000 F par Mobile Money. Gains rapides garantis!,arnaque,investissement_emploi,aucun,CI,autorite,2025-02,true,haute,ci-2025-02-sunpower,https://www.koaci.com/article/2025/02/17/cote-divoire/societe/cote-divoire-fin-de-parcours-pour-les-arnaqueurs-de-la-plateforme-sunpower-la-plcc-met-en-lumiere-lampleur-des-fraudes-en-ligne_184587.html
Rejoins SUNPOWER: tu achètes un panneau à 25 000 F et tu reçois 15% chaque semaine. Invite tes amis pour des bonus.,arnaque,investissement_emploi,aucun,CI,autorite,2025-02,true,haute,ci-2025-02-sunpower,https://www.koaci.com/article/2025/02/17/cote-divoire/societe/cote-divoire-fin-de-parcours-pour-les-arnaqueurs-de-la-plateforme-sunpower-la-plcc-met-en-lumiere-lampleur-des-fraudes-en-ligne_184587.html
"Placement solaire sans risque: 50 000 F investis = 150 000 F en un mois. Inscris-toi vite, dépôt par Wave ou Orange Money.",arnaque,investissement_emploi,aucun,CI,autorite,2025-02,true,haute,ci-2025-02-sunpower,https://www.koaci.com/article/2025/02/17/cote-divoire/societe/cote-divoire-fin-de-parcours-pour-les-arnaqueurs-de-la-plateforme-sunpower-la-plcc-met-en-lumiere-lampleur-des-fraudes-en-ligne_184587.html
"Félicitations, votre compte SUNPOWER est activé. Faites votre premier dépôt pour commencer à recevoir vos gains quotidiens.",arnaque,investissement_emploi,aucun,CI,autorite,2025-02,true,haute,ci-2025-02-sunpower,https://www.koaci.com/article/2025/02/17/cote-divoire/societe/cote-divoire-fin-de-parcours-pour-les-arnaqueurs-de-la-plateforme-sunpower-la-plcc-met-en-lumiere-lampleur-des-fraudes-en-ligne_184587.html
"PLCC: votre plainte a été enregistrée. Pour récupérer l'argent perdu, payez les frais de procédure de 15 000 F au <TEL>.",arnaque,autre_arnaque,aucun,CI,autorite,2022-02,true,haute,ci-2022-02-faux-plcc,https://www.koaci.com/article/2022/02/05/cote-divoire/societe/cote-divoire-il-cree-un-compte-denomme-plcc-pour-arnaquer-les-victimes-invitees-a-porter-plainte_157432.html
Plateforme de Lutte Contre la Cybercriminalité: nous pouvons régler votre affaire rapidement. Envoyez 20 000 F pour l'ouverture du dossier.,arnaque,autre_arnaque,aucun,CI,autorite,2022-02,true,haute,ci-2022-02-faux-plcc,https://www.koaci.com/article/2022/02/05/cote-divoire/societe/cote-divoire-il-cree-un-compte-denomme-plcc-pour-arnaquer-les-victimes-invitees-a-porter-plainte_157432.html
"Bonjour, je suis agent de la PLCC. Votre numéro est cité dans une affaire d'escroquerie. Payez l'amende de 50 000 F pour éviter des poursuites.",arnaque,autre_arnaque,aucun,CI,autorite,2022-02,true,haute,ci-2022-02-faux-plcc,https://www.koaci.com/article/2022/02/05/cote-divoire/societe/cote-divoire-il-cree-un-compte-denomme-plcc-pour-arnaquer-les-victimes-invitees-a-porter-plainte_157432.html
Police de la circulation: vous avez une amende forfaitaire impayée. Réglez-la ici pour éviter une majoration: hxxps://amendes-sn[.]click,arnaque,phishing_lien,aucun,SN,autorite,2026-08,true,haute,sn-2026-08-fausses-amendes,https://fr.allafrica.com/stories/202608080106.html
Avis de contravention: infraction constatée sur votre véhicule. Paiement en ligne avant 48h: hxxps://amendsc-sn[.]help/sn,arnaque,phishing_lien,aucun,SN,autorite,2026-08,true,haute,sn-2026-08-fausses-amendes,https://fr.allafrica.com/stories/202608080106.html
Rappel: amende de circulation non payée. Payez maintenant sur hxxps://amendes-sn[.]click pour éviter la mise en fourrière.,arnaque,phishing_lien,aucun,SN,autorite,2026-08,true,haute,sn-2026-08-fausses-amendes,https://fr.allafrica.com/stories/202608080106.html
Fonction publique: les inscriptions aux concours administratifs se font exclusivement sur www[.]fonctionpublique[.]gouv[.]ci. Aucun paiement à un particulier.,legitime,promo_operateur,aucun,CI,autorite,2026-09,true,haute,ci-officiel-fonction-publique,https://www.yeclo.com/fonction-publique-cote-divoire-une-fausse-offre-de-recrutement-douanes-impots-tresor-denoncee/
Concours Eaux et Forêts 2026: inscriptions en ligne du 16 mars au 30 avril. Paiement des frais uniquement via TresorPay. Ignorez toute autre sollicitation.,legitime,promo_operateur,aucun,CI,autorite,2026-03,true,haute,ci-officiel-eaux-forets,https://www.kaweru.com/politique-societe/2026/03/23/cote-divoire-concours-des-eaux-et-forets-le-ministere-alerte-sur-des-arnaques-en-ligne/
PLCC: le dépôt de plainte est gratuit. Ne payez jamais quelqu'un qui se présente comme agent de la PLCC.,legitime,promo_operateur,aucun,CI,autorite,2022-02,true,haute,ci-officiel-plcc,https://www.koaci.com/article/2022/02/05/cote-divoire/societe/cote-divoire-il-cree-un-compte-denomme-plcc-pour-arnaquer-les-victimes-invitees-a-porter-plainte_157432.html
"Orange Money: si vous avez fait un transfert vers un mauvais numéro, demandez vous-même le gel du transfert via Max it ou #144*967#.",legitime,promo_operateur,orange,CI,operateur,,true,haute,ci-officiel-orange-erreur,https://www.orange.ci/fr/assistance-orange-money-erreur-de-transfert.html
"Orange Money: ne communiquez jamais votre code secret ni le code OTP à 4 chiffres, même à un agent Orange.",legitime,promo_operateur,orange,CI,operateur,,true,haute,ci-officiel-orange-otp,https://www.orange.ci/fr/assistance-stop-arnaques-orange-money.html
