review_id,reason,text
44,non_francais,DHL : The delivery of your package is currently blocked at the customs center. Please note the shipping costs. Visit : <URL>
89,non_francais,Dear customer your Électricité power will be disconnected <DATE_TIME> at <DATE_TIME> from <LOCATION> office because your prévious mônth bill was not update. Please call immediately contact your Électricité officer <PHONE_NUMBER> Thank you.
178,non_francais,Uw pakket vervoerd door Fedex onder referentie <DATE_TIME> is onderworpen <NAMED_ENTITY> van 112 <NAMED_ENTITY> <URL>
232,non_francais,Dear customer your Électricité power will be disconected <DATE_TIME> at <DATE_TIME> from Èlectricity office becausé your précéding mönth bill was not updateâ Please call immediatély contact your Électricité officer <PHONE_NUMBER> Thank you.
548,non_francais,"<NAMED_ENTITY>: This is a message from the Government of Canada. Help protect yourself and your community. Download the COVID Alert app for free to help stop the spread of the virus. The COVID Alert app lets users know if they may have been exposed to <NAMED_ENTITY>. Available now in <LOCATION> and Google Play. For more information, contact <PHONE_NUMBER>. Info Rogers: Ceci est un message du Gouvernement du Canada. Aidez à vous protéger et à protéger votre collectivité. Téléchargez l'application gratuite pour aider à limiter <LOCATION> propagation du virus. L'application COVID Alerte permet aux utilisateurs de savoir s'ils ont pu être exposés à la COVID-19. Disponible maintenant sur le App Store et Google Play."
111,reponse_33700,Crit'Air <DATE_TIME>. Veuillez la récupérer sous peine de contravention dans les prochaines <DATE_TIME>. Sur le <NAMED_ENTITY> Service 33700. Merci de votre aide. Pour compléter votre signalement renvoyez par SMS au 33700 le numéro qui vous a <LOCATION> message indésirable (gratuit) Service 33700. <NAMED_ENTITY>. Merci de votre coopération qui va nous permettre de lutter plus efficacement contre le spam
210,reponse_33700,Merci signalement bien enregistré. Quel est le numéro de l'expéditeur qui vous a envoyé ce SMS ou le nom s'affichant à la place du numéro ? (service gratuit) Merci signalement mis à jour. Pour nous aider davantage plus que 3 questions maximum. A quelle date avez-vous recu le SMS ? Pour le 18 mars répondez : 1803 Merci signalement mis à jour. A quelle heure avez-vous recu le SMS ? Pour 16h05 répondez : 1605 Procédure terminée. Merci pour votre contribution qui nous permet chaque jour de mieux protéger les consommateurs.
251,reponse_33700,Crit'Air <DATE_TIME>. Veuillez la récupérer sous peine de contravention dans les prochaines <DATE_TIME>. Sur le <NAMED_ENTITY>-joint : <URL> : Service 33700. Merci de votre aide. Pour compléter votre signalement renvoyez par SMS au 33700 le numéro qui vous a <LOCATION> message indésirable (gratuit) Service 33700. <NAMED_ENTITY>. Merci de votre coopération qui va nous permettre de lutter plus efficacement contre le spam.
472,reponse_33700,"Bonjour votre commande a ete livree le <DATE_TIME> au point de collection. <NAMED_ENTITY> <URL> Service 33700. Merci de votre aide. Pour compléter votre signalement, renvoyez par SMS au 33700 le numéro qui vous a <LOCATION> message indésirable (gratuit) Service 33700. <NAMED_ENTITY>. Merci de votre coopération, qui va nous permettre de lutter plus efficacement contre le spam"
583,reponse_33700,"Assurance Maladie : Expiration de votre carte vitale, veuillez mettre à jour vos informations impérativement via : <URL> Service 33700. Merci de votre aide. Pour compléter votre signalement, renvoyez par SMS au 33700 le numéro qui vous a <LOCATION> message indésirable (gratuit) Service 33700. <NAMED_ENTITY>. Merci de votre coopération, qui va nous permettre de lutter plus efficacement contre le spam."
619,reponse_33700,"Service 33700. <NAMED_ENTITY>. Merci de votre coopération, qui va nous permettre de lutter plus efficacement contre le spam. Votre nouvelle carte vitale est disponible. Veuillez remplir le formulaire afin de continuer a etre couvert : <URL> Service 33700. Merci de votre aide. Pour compléter votre signalement, renvoyez par SMS au 33700 le numéro qui vous a <LOCATION> message indésirable (gratuit)"
630,reponse_33700,"<NAMED_ENTITY> : Pour conserver vos droits, il faut renouveler votre carte avant le <DATE_TIME>. Rendez-vous sur : <URL> Service 33700. Merci de votre aide. Pour compléter votre signalement, renvoyez par SMS au 33700 le numéro qui vous a <LOCATION> message indésirable (gratuit) Service 33700. <NAMED_ENTITY>. Merci de votre coopération, qui va nous permettre de lutter plus efficacement contre le spam."
742,reponse_33700,"Service 33700. Merci de votre aide. Pour compléter votre signalement, renvoyez par SMS au 33700 le numéro qui vous a <LOCATION> message indésirable (gratuit) Service 33700. <NAMED_ENTITY>. Merci de votre coopération, qui va nous permettre de lutter plus efficacement contre le spam."
769,reponse_33700,"Service 33700. Merci de votre aide. Pour compléter votre signalement, renvoyez par SMS au 33700 le numéro qui vous a <LOCATION> message indésirable (gratuit)"
146,fragment,Bonjour livreur DHL
403,fragment,Item N°S818RFND Retour d'achat
580,fragment,SERVICE-PUBLIC : <NAMED_ENTITY>
650,fragment,Nouveau message reçu
656,fragment,Merci de lire attentivement. Nous vous rappelons que ceci est un dernier rappel.
659,fragment,"<NAMED_ENTITY>, cliquez sur le <NAMED_ENTITY>. Un second message confirmera leur prise en compte."
703,fragment,"<NAMED_ENTITY>, <NAMED_ENTITY>"
803,fragment,"Segundo mensaje de free (creo): FreeMobile vous rappelle la régularisation de votre facture N° : #<US_DRIVER_LICENSE> du <DATE_TIME>, votre ligne pourra être suspendue durant 24h. Veuillez compléter les étapes suivantes :"
141,publicite_ou_politique,FGTB-CG | Alerte à nos affiliés. Manifestation le 16/12. Factures impayables les travailleurs se noient. Rejoignez-nous !
142,publicite_ou_politique,Crédit Agricole Provence Cote d'Azur : Voici ton code parrainage Des avantages sont réservés aux personnes que tu vas nous recommander. C'est simple transmets leur ce lien <URL> au 36008
366,publicite_ou_politique,"BP RIVES DE PARIS C'est Halloween ! Des bonbons ou un sort ! Jeu gratuit sans obligation <LOCATION>, conditions sur le site. STOP au 38015"
386,publicite_ou_politique,Transférez vos comptes Bourse vers Boursorama Banque en quelques clics seulement et bénéficiez d'une prime : jusqu'à 100€ offerts*. *Détail de l'offre sur <URL> STOP 36180
527,publicite_ou_politique,"<NAMED_ENTITY>, <NAMED_ENTITY>, candidat aux élections municipales des 15 et 22 mars à Toulouse. Pour découvrir mon programme, cliquez ici: <URL>"
671,publicite_ou_politique,BLACK FRIDAY chez OPTICAL CENTER du 23 au 28/11 ! -40% sur TOUT LE <NAMED_ENTITY> - PIERRY <PHONE_NUMBER> Cond en mag. Instants Partenaires stop 21610
696,publicite_ou_politique,Pour la fondation des femme Pour lutter contre les violences dont elles sont victimes Faites un don pour un soutien juridique et financier <LOCATION> un <NAMED_ENTITY>: <URL> Un don applique une reduction fiscale
728,publicite_ou_politique,"Monsieur, Vous soutenez <NAMED_ENTITY> ? Dimanche, votez <NAMED_ENTITY> ! Retrouvez notre projet : <URL> STOP au 36173"
754,publicite_ou_politique,"<NAMED_ENTITY>, un <NAMED_ENTITY> son fils. <NAMED_ENTITY> témoigne : <URL> Si cela vous a touché, transférez le! Stop 36184 <NAMED_ENTITY> a perdu son fils assassiné par un terroriste soudanais, sa vidéo sur <URL> <NAMED_ENTITY> a touché, transférez le ! Stop 36184"
771,publicite_ou_politique,CONFIDENTIEL <LOCATION> QOTMI du 8 avril Zemmour et Macron au 2e tour <NAMED_ENTITY> 19% Zemmour 18% <NAMED_ENTITY> 16% Mélenchon 14% Pécresse 6% VOTEZ <URL> STOP 36025
786,publicite_ou_politique,"Assurance Maladie : Expiration de votre carte vitale, à mettre a jour impérativement. <NAMED_ENTITY> <URL>"
800,publicite_ou_politique,"Incroyable ! Cliquez pour en savoir plus >> <URL> Vous etes éligible à une nouvelle ligne OFFERTED pdt 1 an (puis 7,99€/mois) ! Offre sans engagement valable jusqu'au <DATE_TIME>. Stop au 2346"
847,publicite_ou_politique,"Ils veillent sur votre appartement, votre maison et vos biens les plus chers. <NAMED_ENTITY>, c'est l'installation par un professionnel, <LOCATION> télésurveillance 24h/24 – 7j/7, le pilotage et le suivi à distance par appli mobile. RDV sur <URL> Prix attractif, sans engagement. <NAMED_ENTITY> 21600"
849,publicite_ou_politique,"La 5G arrive bientot en France : forfaits, <URL>ment etre pret dès maintenant pour l'ouverture du réseau 5G Orange ?"
880,publicite_ou_politique,<NAMED_ENTITY> boutique d'Epernay vous invite à bénéficier avant le <DATE_TIME> de 100€ offerts en chèque cadeau (<NAMED_ENTITY>) pour la souscription aux offres éligibles. Voir conditions sur <URL> . Stop 20882
881,publicite_ou_politique,"Apple Watch Series 6 Cellular. Votre santé, mesurée de votre poignet. Dès aujourd'hui à partir de 499€ au lieu de 529€ sur <URL> Valable <DATE_TIME>. STOP 20882"
882,publicite_ou_politique,Orange : Profitez des Go de votre forfait sur vos équipements sans utiliser votre smartphone ! Avec la Multi-SIM Internet à insérer dans une tablette ou Airbox tout simplement ! <NAMED_ENTITY> Internet
886,publicite_ou_politique,<NAMED_ENTITY> (<NAMED_ENTITY>) FH 28.5 NS 25.7 MLP 20.7 JLM 10.5 FB 8.7
10,ambigu,"<NAMED_ENTITY> bénéficiaire DECROCK <NAMED_ENTITY> a bien reçu votre virement instantané de 2000,00 EUR."
68,ambigu,INFO GOUV: Prime carburant 100 € Le test d'éligibilité est dès à présent possible en ligne sur <URL> plus d'information au <PHONE_NUMBER> (service + coût de l'appel gratuit) lundi au vendredi de 8h30 à 19h00
100,ambigu,Pour vous permettre d'acceder a internet les infos de configuration vous seront envoyees par sms. Apres les avoir <NAMED_ENTITY> terminal Please click on this link
117,ambigu,Bonjour un montant de 280.52 EUR pour votre énergie reste à payer sur <IBAN_CODE> avec réf. <US_BANK_NUMBER> (No client <DATE_TIME>). <NAMED_ENTITY> team ENGIE
169,ambigu,Pour vous permettre d'acceder a internet les infos de configuration vous seront <URL>rcredi
242,ambigu,Pour vous permettre d'accéder a internet les infos de configuration vous seront envoyees par sms. Apres les avoir valides merci de redemarrer votre terminal Please click on this link
317,ambigu,"<NAMED_ENTITY> PayPal : avez-vous accede a votre compte a <DATE_TIME> le <DATE_TIME> ? Si oui, repondez <NAMED_ENTITY> non, repondez <NAMED_ENTITY> messages et les donnees peuvent etre factures."
325,ambigu,"Pour authentifier votre achat de 25,84 EUR sur le site leboncoin, veuillez saisir le code 48NDX8. Nous avons reçu une demande d'activation d'un nouveau passe de securite, veuillez approuver ou annuler cette demande via <URL>"
336,ambigu,"<NAMED_ENTITY> PayPal : avez-vous accede a votre compte a <DATE_TIME> CET le <DATE_TIME> ? Si oui, repondez <NAMED_ENTITY> non, repondez <NAMED_ENTITY> messages et les donnees peuvent etre factures."
347,ambigu,"Bonjour, votre Caisse d'Epargne vous a adressé une communication concernant la mise à jour réglementaire de votre dossier client. Pour en savoir plus sur les documents à nous transmettre, RDV sur <URL> Votre Directeur d'Agence"
501,ambigu,"Bonjour, j'ai un colis a vous remettre qui ne rentre pas en boîte. Merci de me renvoyer un SMS en précisant votre nom afin de convenir d'une relivraison avant 13h30. <NAMED_ENTITY>"
508,ambigu,Arrive aujourd'hui : <NAMED_ENTITY> [q] [<US_DRIVER_LICENSE>] Amazon. Plus d'informations sur <URL>
555,ambigu,La CPAM a ouvert un dossier suite à votre accident causé par un tiers. Merci de retourner le questionnaire :
556,ambigu,"AMSN : Vaccination MODERNA. Pour obtenir un RDV : <NAMED_ENTITY>, date naissance, tel et mail à <EMAIL_ADDRESS> Plus d'infos <URL>"
584,ambigu,"Pour s'attaquer à la pénurie de main-d'œuvre, le Québec offre une nouvelle allocation de 500 $ aux travailleurs qui acceptent de faire un retour aux études mises en place par le gouvernement Legault. <NAMED_ENTITY>"
676,ambigu,A partir du 29/12 vous ne pourrez plus utiliser votre Identité Numérique ! Pour continuer à en profiter rdv sur <URL> STOP LIN au 36184
677,ambigu,A partir du 29/12 vous ne pourrez plus utiliser votre IDentité Numérique ! Pour continuer à en profiter rdv sur STOP LIN au 36184
693,ambigu,bonjour auriez vous plus de photos. JJG
698,ambigu,"Bonsoir, Pouvez-vous me confirmer la disponibilité de votre console <NAMED_ENTITY> photos supplémentaire s'il vous plaît <NAMED_ENTITY>."
705,ambigu,<NAMED_ENTITY>? <NAMED_ENTITY>. Ne le montre à personne...❤️
710,ambigu,"Bonsoir Toujours Dispo , Jeux&Jouets <NAMED_ENTITY> s'il est en bonne état ? svp quelques photos."
729,ambigu,"Bsr, votre console est tjrs dispo? si oui veuillez me confirmer 2 ou 3 photos supplémentaire Cordialement"
791,ambigu,"lisez votre nouveau MMS du <DATE_TIME>, avec le code /54ic% Info Bouygues Telecom : lisez votre nouveau MMS du <DATE_TIME>, sur <URL>re-mes-mms_<URL>"
834,ambigu,Votre numéro (XXXXXXXX) n'est plus actif sur votre compte.
844,ambigu,Informations concernant la résiliation de votre contrat mobile et internet : <URL>
867,ambigu,"Ceci est un message de Proximus. <NAMED_ENTITY> peut que nous ayons mal noté votre adresse. Nous vous enverrons donc un SMS plus tard dans la journée pour la rectifier. Merci de le lire attentivement et de répondre correctement. <NAMED_ENTITY>, l'équipe <NAMED_ENTITY>"
19,legitime,Bonjour pensez à déclarer vos revenus sur <URL>. Besoin d'aide ? Appelez le <UK_NHS> (<NAMED_ENTITY>). Direction générale des Finances publiques.
121,legitime,Vous devez supprimer l'authentification à deux facteurs via SMS. Seuls les abonnés à Twitter Blue peuvent utiliser l'authentification à deux facteurs via SMS. Quelques minutes suffisent à la supprimer. Vous pouvez toujours utiliser l'application d'authentification et les méthodes recourant à une clé de sécurité. <NAMED_ENTITY> plus d'informations sur l'authentification à deux facteurs. Pour éviter de perdre votre accès à Twitter supprimez l'authentification à deux facteurs via SMS avant le 19 mars 2023.
122,legitime,Info SFR : Répondeur - Le <DATE_TIME> à 11:58 ce correspondant a cherché à v...
165,legitime,Répondeur : 13 nouveau(x) message(s) ; <NAMED_ENTITY>. Rappelez 123.
177,legitime,Cette fonctionnalité est plus possible depuis les états unis Cependant vous pouvez avoir accès à internet Par ailleurs si <LOCATION> compatible APPELS <NAMED_ENTITY> sera possible avec un accès à une WIFI . <NAMED_ENTITY> vouloir cliquer sur le <NAMED_ENTITY>
181,legitime,Expire <DATE_TIME> 10:24 1.50 euro Billet courte durée
185,legitime,Entrez <US_DRIVER_LICENSE> pour vérifier votre numéro dans l'appli Payconiq by Bancontact. Le code est valable <DATE_TIME>
188,legitime,"C'est parti ! Votre commande mobile est en route. Vous pouvez meme suivre la livraison étape par étape avec le numéro 00000863013189653810 sur le site <URL><NUMERO_COLIS>. Pour activer votre ligne répondez ""Oui"" à ce SMS dès réception de votre commande."
196,legitime,Expire <DATE_TIME> 10:24 1.50 euro (A) Billet courte durée
206,legitime,Code <NAMED_ENTITY> : 671-190. Ne communiquez ce code à personne. Du0Z94STqHw Code <NAMED_ENTITY> 316-986. Ne communiquez ce code à personne. Du0Z94STqHw Code <NAMED_ENTITY> : 815-304. Ne communiquez ce code à personne. Du0Z94STqHw
208,legitime,RM0. <US_DRIVER_LICENSE> est votre code de connexion Facebook.
218,legitime,Chez Bouygues Telecom nous mettons tout en oeuvre pour vous permettre de profiter pleinement d’internet sur votre smartphone partout et à tout moment. Et pour que vous puissiez vous connecter sans vous soucier de votre enveloppe internet nous faisons évoluer automatiquement votre forfait avec un avantage exclusif : + 30 Go d'internet mobile en France métropolitaine (en plus de votre enveloppe internet actuelle). Profitez gratuitement de cet avantage le 1er mois et ensuite pour seulement 3€* de plus par mois. En plus votre forfait devient compatible 5G. Pour en bénéficier il vous faudra un smartphone compatible 5G et être en zone couverte par le réseau 5G Bouygues Telecom. <NAMED_ENTITY> 4G ? <NAMED_ENTITY> l’avantage Internet 30 Go en cliquant sur le bouton « résilier mon option » ci-dessous avant la date <NAMED_ENTITY>.
228,legitime,Expire <DATE_TIME> 10:24 1.50 euro (A) Billet courte durée Émis 08:24
248,legitime,<NAMED_ENTITY> titre (passeport) est arrivé vous pouvez le retirer jusqu'au <DATE_TIME>
270,legitime,Entrez <US_DRIVER_LICENSE> pour vérifier votre numéro dans l'appli Payconiq by Bancontact. Le code est valable <DATE_TIME><PHONE_NUMBER>:51:40.
285,legitime,Netflix apprécie vos commentaires Bonjour N...
360,legitime,"Attention au smishing ! Card Stop n’envoie jamais de demande d’information ou de blocage de votre carte par SMS. <NAMED_ENTITY> un message de Card Stop sur votre GSM vous demandant de bloquer votre carte, il s’agit d’une tentative de fraude par smishing. Smishing ? <LOCATION>, ou SMS phishing (de l'anglais 'fishing' : pêcher), signifie que vous recevez un message sur votre téléphone mobile (SMS ou autre) par lequel des personnes mal intentionnées essayent de 'pêcher' des informations personnelles. Ces personnes se font passer pour Card Stop, une banque ou un émetteur de cartes de crédit et demandent habituellement des informations personnelles : nom, <LOCATION>, numéro de carte, code PIN etc. Ce message peut contenir des informations trompeuses du genre 'Your credit card has been cancelled' (Votre carte de crédit a été radiée) ou '<NAMED_ENTITY>, votre carte sera...'"
407,legitime,Livraison 100 % verte ! <NAMED_ENTITY> livré le 21/11 entre <DATE_TIME>. Absent ? RDV avant minuit sur...
420,legitime,"Bonjour, pas d'inquiétude, la livraison de votre PS5 <NAMED_ENTITY>. Prenez soin de vous et de vos proches."
466,legitime,"<NAMED_ENTITY>: <NAMED_ENTITY>, mon arrivée est prévue à 11h45. Merci de bien porter votre masque et de respecter 2 m de distanciation <NAMED_ENTITY>. <NAMED_ENTITY> symptômes qui s'apparentent à ceux du Covid-19 signalez le immédiatement aux livreurs. Pour suivre ma position jusqu'à votre domicile, c'est ici"
470,legitime,"Bonjour, <NAMED_ENTITY> 6C14977683487 arrive aujourd'hui. Pour une livraison 100% sécurisée, présentez au livreur le code 74746 ou le QR code <URL>"
489,legitime,CONFORAMA : Merci pour votre commande ! Choisissez le créneau horaire pour votre livraison : <URL> (RDV modifiable jusqu'à <DATE_TIME> date planifiée)
532,legitime,"Les commerces rouvrent et davantage de personnes vont se croiser. Pour garder le controle de l'épidémie, le Ministère de la Santé vous recommande de télécharger l'application TousAntiCovid dès maintenant <URL>. Plus de 10 millions de Français l'utilisent déjà. Ils sont alertés plus tôt en cas de contact avec le virus et ont accès à un test."
535,legitime,"Les commerces rouvrent et davantage de personnes vont se croiser. Pour garder le controle de l'épidémie, le Ministère de la Santé vous recommande de télécharger l'application TousAntiCovid dès maintenant <URL>. Plus de 10 millions de Francais l'utilisent déjà. Ils sont alertés plus tot en cas de contact avec le virus et ont accès à un test."
542,legitime,"[""Les commerces rouvrent et davantage de personnes vont se croiser. Pour garder le controle de l'épidémie, le Ministère de la Santé vous recommande de télécharger l'application TousAntiCovid dès maintenant <URL> Plus de 10 millions de Francais l'utilisent déjà. Ils sont alertés plus tot en cas de contact avec le virus et ont accès à un test."", ""Les commerces rouvrent et davantage de personnes vont se croiser. Pour garder le controle de l'épidémie, le Ministère de la Santé vous recommande de télécharger la nouvelle application TousAntiCovid dès maintenant <URL> Plus de 10 millions de Francais l'utilisent déjà. Ils sont alertés plus tot en cas de contact avec le virus et ont accès à un test.""]"
547,legitime,"Les commerces rouvrent et davantage de personnes vont se croiser. Pour garder le controle de l'épidémie, le Ministère de la Santé vous recommande de télécharger l'application TousAntiCovid dès maintenant <URL>. Plus de 10 millions de Francais l'utilisent déjà. Ils sont alertés plus tôt en cas de contact avec le virus et ont accès à un test."
551,legitime,"<NAMED_ENTITY> : <LOCATION> a annoncé des règles strictes que vous devez impérativement respecter pour <NAMED_ENTITY> propagation du virus et sauver des vies. Les sorties sont autorisées avec attestation et uniquement pour votre travail, si vous ne pouvez pas télétravailler, votre santé ou vos courses essentielles. Toutes les informations sur"
558,legitime,"Vaccin COVID : <NAMED_ENTITY>, consultez <URL> ou appelez <DATE_TIME> (8H-20H). Parlez-en à votre médecin"
562,legitime,"<NAMED_ENTITY>, vaccin COVID, prenez RDV! <URL> ou au <PHONE_NUMBER>. Code perso:"
563,legitime,VACCIN RDV demain 26/07 à 10h55 <NAMED_ENTITY> <DATE_TIME> avant Vaccin COVID Seine/Marne Infos à lire et gestion du RDV. cliquez ici: [URL] NE PAS RÉPONDRE
566,legitime,"Bonjour, Suite à votre résultat de test Covid-19, nous vous invitons à le déclarer dans TousAntiCovid afin de notifier anonymement les utilisateurs exposés en cliquant sur <URL> Merci."
579,legitime,"<NAMED_ENTITY>, Vous avez la possibilité de vous faire tester dès demain pour écourter votre quarantaine. Vous pourrez ensuite déposer la preuve du résultat négatif via ce lien : <URL> Task Force <NAMED_ENTITY>, Vous avez la possibilité de vous faire tester dès demain pour écourter votre quarantaine. Vous pourrez ensuite déposer la preuve du résultat négatif via ce lien : <URL> Task Force COVID-19"
582,legitime,"Suite à votre test <NAMED_ENTITY> <DATE_TIME> : Isolez-vous, déclarez rapidement vos cas contacts sur <URL> et prévenez-les. <NAMED_ENTITY> vous communiquera les consignes à suivre par SMS ou téléphone."
600,legitime,"Votre résultat de test COVID du <DATE_TIME> est disponible sur <URL> <NAMED_ENTITY> test COVID est positif, notifiez anonymement les utilisateurs exposés dans TousAntiCovid: <URL> Test positif <DATE_TIME> : isolez-vous, prévenez, listez vos contacts <URL> <NAMED_ENTITY> vous contactera par SMS."
627,legitime,"Bonjour , Suite à votre test Covid-19 du <DATE_TIME> des documents, dont votre certificat de test, sont disponibles sur le portail citoyen: <URL> Vous pouvez l'importer dans l'application TousAntiCovid. Merci"
642,legitime,"Les commerces rouvrent et davantage de personnes vont se croiser. Pour garder le controle de l'épidémie, le Ministère de la Santé vous recommande de télécharger l'application TousAntiCovid dès maintenant <URL> Plus de 10 millions de Francais l'utilisent déjà. Ils sont alertés plus tot en cas de contact avec le virus et ont accès à un test. Les commerces rouvrent et davantage de personnes vont se croiser. Pour garder le controle de l'épidémie, le Ministère de la Santé vous recommande de télécharger la nouvelle application TousAntiCovid dès maintenant <URL> Plus de 10 millions de Francais l'utilisent déjà. Ils sont alertés plus tot en cas de contact avec le virus et ont accès à un test."
648,legitime,"La sécurité de vos données est importante pour nous, pour plus d'informations rendez-vous sur <URL> STOP au 36105"
655,legitime,Le trafic de vos RER et de vos trains sera extrêmement perturbé le 9 déc. La SNCF recommande de ne pas venir en gare : <URL> STOP 36111
660,legitime,Vous avez un nouveau document contractuel sur votre messagerie.
664,legitime,"Pourriez-vous répondre par 1 si vos services sont fonctionnels ou par 2 pour le contraire, s'il <NAMED_ENTITY> ? A très vite."
687,legitime,"Vous venez de payer 23,00 EUR a Le sac a mai... -"
688,legitime,"Il s'agit d'une arnaque, c'est à l'expéditeur de s'acquitter de l'affranchissement. <NAMED_ENTITY> à ne cliquer sur aucun lien contenu dans ce message. Une action est déjà en cours, je vous invite à participer en le signalant ici : <URL> ainsi que ici : <EMAIL_ADDRESS> N'hésitez pas à me solliciter à nouveau si besoin. Bonne journée Lisa"
701,legitime,"Vous venez de m'appeler c'est à quel sujet merci ? C'est bon tkt c'est fred, j'ai posé la moto"
718,legitime,DOCTOLIB Votre RDV avec Dr <NAMED_ENTITY> du jeu 30 sept. à 09h30 est retardé de 10 min. Gestion de votre RDV: <URL> NE PAS RÉPONDRE
719,legitime,"Résa au Hélène Darroze à Villa La Coste confirmée pour le <DATE_TIME> à 12:00, 2 pers. + d'infos ?"
733,legitime,"Titulaire du compte: voici le code pour obtenir TVA Sports Direct à 0$ durant <DATE_TIME>. Valide <DATE_TIME>. TVA Sports vous facturera 19,99$/mois si vous gardez après 3 mois. Questions?"
756,legitime,"<NAMED_ENTITY> : Votre compteur de gaz vient d'être relevé, pour consulter votre bilan conso et vous assurer que vos mensualités sont bien adaptées, rendez-vous sur votre Espace Client, rubrique « Mes Documents » : <URL> STOP au 36173"
792,legitime,Bienvenue chez SFR - Terminez la configuration de votre iPhone en cliquant ici : <URL>
797,legitime,"Bonjour, nos emails vous sont envoyés à l'adresse <EMAIL_ADDRESS>. Pensez à modifier vos coordonnées dans votre espace client pour recevoir les infos importantes sur votre offre et les nouveautés, cliquez sur"
813,legitime,Info RED by SFR : Nous n'avons malheureusement <NAMED_ENTITY>. Nous vous invitons à nous recontacter au 0801 82 00 36 en indiquant votre numéro de téléphone fixe. Votre dossier reste ouvert pendant <DATE_TIME>. A très vite.
846,legitime,"<NAMED_ENTITY> client Proximus, bon séjour au Zimbabwe. <NAMED_ENTITY> formule tarifaire nationale est aussi valable ici, sans surcout par rapport à la <LOCATION>, pour les communications intra-Union Européenne, ou depuis ou vers le Royaume-Uni. <NAMED_ENTITY> et conditions au 6060 (gratuit) ou sur <URL> Un cas d'urgence pendant votre séjour? Le numéro d'urgence européen est le 112 (gratuit)."
851,legitime,"<NAMED_ENTITY>, attention votre facturation téléphonique Free ADSL a atteint un montant de 50.00 EUR à ce jour."
870,legitime,<NRP> sécurité. Soyez vigilant face aux e-mails et SMS frauduleux : <NAMED_ENTITY> réflexes. Plus d'infos ici <URL>
